id,Region_ID
0,2
1,2
2,2
3,12
4,12
5,12
6,4
7,4
8,4
9,7
10,7
11,7
12,13
13,13
14,13
15,3
16,3
17,3
18,9
19,10
20,10
21,3
22,3
23,3
24,5
25,5
26,5
27,10
28,10
29,10
30,1
31,1
32,1
33,9
34,9
35,10
36,10
37,10
38,10
39,1
40,1
41,1
42,7
43,7
44,7
45,4
46,4
47,4
48,11
49,11
50,15
51,6
52,6
53,5
54,11
55,11
56,11
57,12
58,12
59,12
60,3
61,3
62,3
63,4
64,4
65,4
66,13
67,13
68,13
69,8
70,8
71,8
72,12
73,12
74,12
75,5
76,5
77,5
78,2
79,5
80,5
81,5
82,5
83,5
84,1
85,1
86,1
87,15
88,15
89,15
90,2
91,8
92,8
93,12
94,12
95,12
96,13
97,13
98,12
99,10
100,10
101,10
102,4
103,4
104,4
105,1
106,1
107,1
108,2
109,2
110,2
111,12
112,11
113,12
114,1
115,1
116,1
117,9
118,9
119,8
120,8
121,8
122,8
123,4
124,4
125,4
126,2
127,2
128,2
129,5
130,5
131,5
132,6
133,5
134,6
135,10
136,10
137,10
138,1
139,1
140,1
141,15
142,15
143,15
144,11
145,11
146,11
147,4
148,4
149,4
150,10
151,10
152,10
153,13
154,13
155,13
156,10
157,10
158,10
159,8
160,8
161,8
162,1
163,1
164,1
165,15
166,15
167,15
168,5
169,5
170,5
171,12
172,12
173,12
174,7
175,7
176,7
177,10
178,10
179,10
180,8
181,10
182,10
183,15
184,15
185,15
186,9
187,9
188,9
189,13
190,13
191,13
192,11
193,12
194,11
195,10
196,10
197,10
198,4
199,4
200,2
201,6
202,6
203,6
204,11
205,11
206,11
207,7
208,7
209,7
210,6
211,6
212,6
213,12
214,12
215,12
216,7
217,7
218,7
219,9
220,9
221,9
222,7
223,7
224,7
225,6
226,6
227,6
228,2
229,2
230,2
231,2
232,15
233,15
234,8
235,8
236,10
237,14
238,14
239,14
240,15
241,15
242,15
243,7
244,7
245,7
246,2
247,2
248,2
249,14
250,14
251,14
252,3
253,3
254,3
255,6
256,6
257,6
258,15
259,15
260,15
261,8
262,8
263,8
264,10
265,10
266,10
267,11
268,11
269,11
270,3
271,3
272,3
273,6
274,6
275,6
276,3
277,3
278,3
279,8
280,8
281,8
282,2
283,2
284,2
285,3
286,3
287,3
288,15
289,15
290,15
291,15
292,15
293,15
294,5
295,5
296,5
297,3
298,3
299,3
300,10
301,11
302,11
303,4
304,4
305,4
306,5
307,5
308,5
309,5
310,15
311,15
312,4
313,4
314,4
315,8
316,8
317,8
318,10
319,10
320,10
321,10
322,12
323,12
324,14
325,14
326,14
327,15
328,15
329,1
330,15
331,15
332,15
333,8
334,8
335,8
336,7
337,3
338,7
339,3
340,3
341,3
342,12
343,12
344,12
345,2
346,2
347,2
348,13
349,13
350,13
351,11
352,11
353,11
354,13
355,13
356,13
357,13
358,13
359,13
360,6
361,6
362,6
363,6
364,6
365,6
366,5
367,5
368,5
369,2
370,2
371,2
372,12
373,12
374,12
375,4
376,4
377,4
378,7
379,7
380,7
381,13
382,13
383,13
384,3
385,3
386,3
387,9
388,9
389,10
390,3
391,3
392,3
393,5
394,5
395,5
396,10
397,10
398,10
399,1
400,1
401,1
402,9
403,9
404,9
405,10
406,10
407,10
408,1
409,1
410,1
411,7
412,7
413,7
414,4
415,4
416,4
417,11
418,11
419,11
420,5
421,6
422,6
423,11
424,11
425,11
426,12
427,12
428,12
429,3
430,3
431,3
432,4
433,4
434,4
435,13
436,13
437,13
438,8
439,8
440,8
441,12
442,12
443,12
444,5
445,5
446,5
447,5
448,5
449,5
450,5
451,5
452,5
453,1
454,1
455,1
456,15
457,15
458,15
459,8
460,8
461,8
462,12
463,12
464,12
465,13
466,13
467,13
468,10
469,10
470,10
471,4
472,4
473,4
474,1
475,15
476,1
477,2
478,2
479,2
480,12
481,12
482,12
483,1
484,1
485,1
486,9
487,8
488,9
489,8
490,8
491,8
492,4
493,2
494,4
495,2
496,2
497,2
498,5
499,5
500,5
501,6
502,6
503,6
504,10
505,10
506,10
507,1
508,1
509,1
510,15
511,15
512,15
513,11
514,11
515,11
516,4
517,4
518,4
519,10
520,10
521,10
522,13
523,13
524,13
525,10
526,10
527,10
528,8
529,3
530,8
531,1
532,1
533,1
534,15
535,15
536,15
537,5
538,5
539,5
540,10
541,12
542,12
543,7
544,7
545,7
546,10
547,10
548,10
549,10
550,11
551,11
552,15
553,15
554,15
555,9
556,9
557,9
558,13
559,13
560,13
561,11
562,11
563,11
564,10
565,10
566,10
567,4
568,4
569,4
570,6
571,6
572,6
573,11
574,4
575,11
576,7
577,7
578,7
579,6
580,6
581,6
582,11
583,12
584,12
585,7
586,7
587,7
588,9
589,9
590,9
591,7
592,7
593,7
594,6
595,6
596,6
597,2
598,2
599,2
600,15
601,15
602,15
603,8
604,3
605,8
606,14
607,14
608,14
609,15
610,15
611,15
612,7
613,7
614,7
615,2
616,2
617,2
618,14
619,14
620,14
621,3
622,3
623,3
624,6
625,6
626,6
627,15
628,15
629,15
630,8
631,8
632,8
633,10
634,10
635,10
636,11
637,11
638,11
639,3
640,3
641,3
642,6
643,6
644,6
645,3
646,3
647,3
648,8
649,8
650,8
651,2
652,2
653,2
654,3
655,3
656,3
657,15
658,15
659,15
660,15
661,15
662,15
663,5
664,5
665,5
666,3
667,3
668,3
669,11
670,11
671,7
672,4
673,4
674,4
675,5
676,5
677,5
678,15
679,15
680,15
681,4
682,4
683,4
684,8
685,8
686,8
687,10
688,10
689,10
690,12
691,12
692,12
693,14
694,14
695,14
696,15
697,15
698,15
699,15
700,15
701,15
702,3
703,8
704,8
705,7
706,7
707,7
708,3
709,3
710,3
711,12
712,12
713,12
714,2
715,2
716,2
717,13
718,13
719,13
720,7
721,11
722,11
723,13
724,13
725,13
726,13
727,13
728,13
729,6
730,6
731,6
732,6
733,6
734,6
735,5
736,5
737,5
